Date,Open,Close,High,Low,Pcr,Volume
2015-01-01,2051.65,2058.95,2059.15,2051.65,0.00,0
2015-01-02,2055.00,2046.25,2067.25,2038.75,2.60,1092643
2015-01-05,2045.75,2016.00,2048.25,2009.50,2.19,1203391
2015-01-06,2019.00,1994.50,2023.50,1984.25,1.92,1148397
2015-01-07,1996.50,2019.50,2023.75,1995.75,1.59,967053
2015-01-08,2020.50,2055.00,2058.50,2020.25,1.71,1068332
2015-01-09,2053.75,2035.25,2062.00,2031.25,2.04,1020884
2015-01-12,2034.50,2022.50,2048.25,2015.25,2.39,599571
2015-01-13,2023.75,2016.00,2051.75,2001.00,1.58,909486
2015-01-14,2017.25,2007.50,2019.50,1981.25,2.00,1093864
2015-01-15,2009.75,1989.00,2027.25,1978.25,1.71,1115816
2015-01-16,1980.75,2013.00,2014.25,1970.25,2.15,1156313
2015-01-18,2013.65,2010.65,2013.65,2008.55,0.00,0
2015-01-19,2010.45,2009.95,2023.65,2003.15,0.00,0
2015-01-20,2013.50,2016.75,2026.50,1997.50,2.03,647603
2015-01-21,2015.75,2026.50,2032.75,2005.25,2.03,904479
2015-01-22,2026.75,2056.50,2059.25,2019.25,1.86,923323
2015-01-23,2056.50,2044.00,2062.50,2042.25,1.93,1163070
2015-01-26,2035.00,2053.50,2055.00,2025.50,1.80,627267
2015-01-27,2054.00,2030.00,2054.75,2013.25,1.85,709059
2015-01-28,2036.50,1991.50,2046.50,1991.25,1.78,806235
2015-01-29,1993.50,2018.50,2020.00,1982.00,1.99,1165819
2015-01-30,2019.25,1988.50,2020.50,1986.25,2.53,1183397
2015-02-02,1990.50,2017.00,2018.50,1973.75,1.63,835239
2015-02-03,2015.00,2042.00,2044.00,2007.00,1.94,956485
2015-02-04,2040.50,2030.00,2049.25,2022.75,2.25,641269
2015-02-05,2025.00,2055.00,2058.75,2020.75,1.73,805165
2015-02-06,2056.25,2053.00,2068.00,2044.50,1.76,1493445
2015-02-09,2050.00,2042.50,2051.75,2036.50,1.90,763948
2015-02-10,2043.75,2062.25,2066.50,2040.50,1.68,721467
2015-02-11,2062.75,2065.75,2079.50,2053.25,1.85,664624
2015-02-12,2071.50,2084.00,2085.50,2058.50,1.56,913194
2015-02-13,2083.00,2093.50,2095.00,2081.50,1.97,1083323
2015-02-15,2091.65,2089.65,2093.65,2089.65,0.00,0
2015-02-16,2089.45,2084.15,2093.65,2081.65,0.00,0
2015-02-17,2091.25,2096.00,2098.75,2080.75,1.74,760038
2015-02-18,2096.50,2095.50,2098.50,2088.50,2.19,1126377
2015-02-19,2095.25,2095.25,2099.50,2087.25,1.46,1005777
2015-02-20,2096.00,2107.00,2108.75,2082.25,1.78,917104
2015-02-23,2107.25,2106.75,2108.25,2099.75,1.55,617192
2015-02-24,2106.25,2113.75,2115.75,2102.75,2.08,912728
2015-02-25,2113.75,2110.25,2117.75,2107.25,1.89,848866
2015-02-26,2110.50,2110.00,2114.75,2101.50,1.97,565132
2015-02-27,2109.50,2102.75,2111.00,2100.75,2.03,971503
2015-03-02,2104.00,2114.00,2115.50,2100.50,1.97,599845
2015-03-03,2114.00,2104.75,2114.50,2095.50,2.54,644235
2015-03-04,2104.75,2096.50,2104.75,2085.25,1.98,701390
2015-03-05,2096.50,2099.75,2103.50,2093.25,2.04,505785
2015-03-06,2099.50,2070.75,2103.50,2065.50,2.15,1250215
2015-03-09,2073.50,2077.75,2082.50,2066.00,2.07,572370
2015-03-10,2077.50,2042.00,2078.00,2041.25,1.67,1156423
2015-03-11,2044.25,2039.50,2052.25,2038.25,2.26,791098
2015-03-12,2042.00,2064.00,2066.50,2038.25,1.90,711795
2015-03-13,2064.25,2049.75,2068.75,2040.00,2.09,1026709
2015-03-16,2050.75,2076.50,2081.75,2044.50,1.79,747243
2015-03-17,2074.50,2074.50,2078.75,2064.25,1.50,548051
2015-03-18,2074.25,2100.50,2107.75,2060.50,2.21,1176341
2015-03-19,2101.00,2090.50,2107.25,2085.00,1.39,1136972
2015-03-20,2088.50,2099.02,2105.50,2086.50,1.57,983374
2015-03-23,2097.75,2094.75,2107.00,2093.25,1.91,626962
2015-03-24,2094.00,2085.00,2101.00,2083.00,1.97,709625
2015-03-25,2085.25,2053.75,2089.25,2052.25,2.07,817451
2015-03-26,2056.00,2048.50,2058.75,2033.25,1.82,1057726
2015-03-27,2050.00,2052.50,2057.75,2041.00,1.89,893729
2015-03-30,2052.75,2075.50,2081.75,2047.25,2.12,789968
2015-03-31,2074.75,2060.75,2076.75,2056.25,1.69,675779
2015-04-01,2058.00,2053.00,2060.75,2033.50,2.23,853860
2015-04-02,2055.25,2059.50,2064.75,2044.00,1.90,714810
2015-04-03,2060.00,2059.50,2063.75,2038.00,0.00,0
2015-04-06,2039.50,2073.25,2080.00,2038.75,2.09,592067
2015-04-07,2071.50,2067.75,2082.75,2066.00,1.58,674689
2015-04-08,2068.50,2076.00,2080.25,2064.50,2.17,563637
2015-04-09,2077.75,2085.75,2087.00,2066.75,1.88,724400
2015-04-10,2086.00,2095.50,2096.25,2083.00,2.04,994538
2015-04-13,2095.25,2086.50,2101.25,2085.25,1.55,698581
2015-04-14,2087.00,2091.00,2092.75,2075.75,1.90,677367
2015-04-15,2091.75,2099.75,2105.50,2087.25,1.53,983434
2015-04-16,2101.50,2100.75,2104.75,2089.00,1.62,750792
2015-04-17,2101.25,2075.50,2101.75,2064.50,2.46,1153120
2015-04-20,2081.00,2091.00,2097.50,2078.50,2.01,497246
2015-04-21,2089.50,2091.00,2105.25,2087.25,1.72,604905
2015-04-22,2092.00,2100.25,2103.75,2080.25,2.01,600107
2015-04-23,2099.25,2107.00,2114.50,2087.50,2.16,784746
2015-04-24,2107.50,2111.75,2114.75,2103.00,1.44,945366
2015-04-27,2113.25,2104.75,2119.75,2100.25,2.01,749686
2015-04-28,2103.75,2112.00,2112.50,2088.25,1.53,525162
2015-04-29,2110.75,2099.00,2112.50,2090.50,1.85,738367
2015-04-30,2098.25,2079.00,2102.00,2070.25,2.14,976821
2015-05-01,2082.75,2101.50,2102.50,2080.50,1.87,1066668
2015-05-04,2101.75,2109.25,2115.00,2098.00,2.38,636455
2015-05-05,2109.50,2084.00,2111.75,2081.50,2.14,716690
2015-05-06,2085.50,2074.25,2093.75,2061.25,1.86,944542
2015-05-07,2074.75,2084.25,2088.25,2057.00,1.66,825859
2015-05-08,2085.25,2108.50,2113.50,2084.00,1.66,1059904
2015-05-11,2110.00,2097.75,2113.50,2095.75,1.97,674788
2015-05-12,2097.75,2095.00,2101.00,2079.25,2.74,817449
2015-05-13,2096.25,2094.50,2106.50,2091.50,1.90,560574
2015-05-14,2096.00,2117.50,2118.25,2092.00,1.33,986375
2015-05-15,2117.25,2119.00,2122.75,2113.25,2.39,819560
2015-05-18,2119.25,2126.00,2128.75,2112.25,1.85,801941
2015-05-19,2126.75,2124.50,2134.00,2121.25,1.54,580029
2015-05-20,2124.25,2122.50,2132.25,2119.25,2.32,699743
2015-05-21,2120.75,2128.00,2132.00,2115.00,1.57,675385
2015-05-22,2129.25,2124.50,2131.00,2122.75,1.97,810087
2015-05-24,2124.45,2124.95,2126.15,2123.65,0.00,0
2015-05-25,2125.15,2122.45,2126.95,2118.65,0.00,0
2015-05-26,2124.50,2105.00,2127.00,2096.00,1.96,905114
2015-05-27,2105.75,2121.00,2124.25,2101.25,1.60,764388
2015-05-28,2120.00,2121.75,2122.75,2110.50,2.17,663732
2015-05-29,2121.75,2106.00,2122.75,2102.25,2.67,961626
2015-06-01,2107.00,2109.25,2117.75,2100.25,1.71,682533
2015-06-02,2111.00,2106.75,2116.00,2094.00,2.45,686411
2015-06-03,2107.00,2116.00,2120.75,2106.75,1.80,576638
2015-06-04,2116.25,2099.00,2116.50,2091.25,2.98,1199080
2015-06-05,2098.75,2092.25,2102.75,2083.50,2.15,1129223
2015-06-08,2092.00,2078.25,2093.25,2076.25,1.92,861234
2015-06-09,2080.00,2080.00,2084.75,2068.75,2.09,789044
2015-06-10,2080.75,2107.00,2108.00,2080.00,2.01,871569
2015-06-11,2106.00,2109.25,2114.75,2103.25,1.95,718827
2015-06-12,2109.00,2093.00,2109.25,2090.25,1.91,1064527
2015-06-15,2087.00,2084.00,2089.75,2071.25,1.80,826463
2015-06-16,2083.50,2097.50,2098.25,2070.50,1.58,744932
2015-06-17,2097.75,2097.50,2107.00,2087.00,2.15,864574
2015-06-18,2097.25,2123.00,2127.50,2090.50,1.31,1313204
2015-06-19,2123.25,2117.11,2126.50,2118.25,2.47,926342
2015-06-22,2105.75,2112.75,2122.00,2103.50,1.88,781684
2015-06-23,2114.75,2116.50,2120.50,2111.25,2.34,581166
2015-06-24,2117.50,2099.50,2118.50,2099.00,1.91,772977
2015-06-25,2101.25,2094.00,2112.75,2092.00,1.74,748493
2015-06-26,2094.75,2095.75,2100.75,2086.25,1.87,1050580
2015-06-29,2064.00,2050.50,2083.25,2047.25,2.63,1603544
2015-06-30,2054.50,2054.50,2069.00,2046.75,2.03,1255758
2015-07-01,2054.50,2071.00,2077.50,2054.50,2.26,996602
2015-07-02,2071.50,2068.75,2079.00,2062.25,2.33,970609
2015-07-03,2068.05,2066.05,2071.95,2063.45,0.00,0
2015-07-06,2037.25,2064.50,2071.75,2034.25,1.99,889510
2015-07-07,2067.75,2073.75,2078.00,2035.00,1.64,1163440
2015-07-08,2073.00,2039.25,2073.25,2036.25,3.11,1040587
2015-07-09,2039.75,2041.25,2068.00,2038.25,2.29,1067925
2015-07-10,2044.75,2069.00,2074.75,2044.75,1.90,1231789
2015-07-13,2054.75,2094.50,2094.75,2052.00,2.12,1155766
2015-07-14,2094.00,2102.00,2105.50,2090.50,1.52,852065
2015-07-15,2102.50,2104.25,2107.75,2095.00,1.58,890781
2015-07-16,2104.00,2117.00,2118.50,2102.75,1.25,1375938
2015-07-17,2117.00,2118.75,2120.00,2112.75,1.99,949074
2015-07-20,2118.00,2122.00,2126.25,2116.50,1.69,836997
2015-07-21,2121.25,2114.50,2125.00,2106.75,1.83,748954
2015-07-22,2107.75,2108.00,2112.00,2102.25,2.04,865507
2015-07-23,2109.25,2098.50,2113.75,2091.50,1.68,902306
2015-07-24,2101.00,2077.50,2104.00,2069.75,2.57,1410328
2015-07-27,2078.25,2064.50,2080.75,2056.50,2.43,1088792
2015-07-28,2065.50,2087.25,2089.00,2061.50,1.90,881655
2015-07-29,2088.00,2101.50,2104.25,2084.50,1.75,723596
2015-07-30,2099.50,2103.75,2104.25,2087.75,1.42,737312
2015-07-31,2101.75,2098.50,2109.25,2095.25,2.26,958156
2015-08-03,2098.75,2091.00,2102.50,2080.00,1.86,824524
2015-08-04,2090.50,2083.00,2096.25,2081.50,2.12,554922
2015-08-05,2082.50,2093.75,2107.00,2082.25,2.10,662828
2015-08-06,2094.00,2079.50,2099.25,2070.00,1.82,1122487
2015-08-07,2080.00,2073.50,2082.75,2062.00,2.06,1285905
2015-08-10,2072.00,2099.75,2101.25,2071.75,1.85,765472
2015-08-11,2100.75,2079.75,2101.75,2070.75,2.10,1017555
2015-08-12,2080.75,2084.25,2085.25,2046.50,1.91,1312755
2015-08-13,2082.75,2080.50,2093.00,2073.25,2.17,824633
2015-08-14,2079.25,2089.50,2090.50,2073.75,2.26,823604
2015-08-17,2089.50,2099.25,2100.50,2074.75,1.51,800817
2015-08-18,2098.25,2094.00,2103.75,2090.25,1.57,820760
2015-08-19,2093.25,2072.75,2098.00,2066.50,1.89,1486055
2015-08-20,2073.50,2025.50,2077.75,2024.50,2.34,1941250
2015-08-21,2026.25,1971.50,2029.00,1967.25,3.42,2989433
2015-08-24,1964.50,1871.25,1964.75,1831.00,3.77,2503609
2015-08-25,1872.75,1872.75,1948.50,1860.00,2.39,2042343
2015-08-26,1876.00,1938.00,1943.00,1850.50,2.52,2021630
2015-08-27,1941.25,1989.25,1990.25,1934.50,2.20,1781329
2015-08-28,1988.25,1989.75,1992.75,1967.25,2.13,1277472
2015-08-31,1986.25,1969.25,1987.75,1959.25,2.39,1164663
2015-09-01,1965.50,1916.00,1966.25,1898.75,2.53,1447608
2015-09-02,1913.50,1947.00,1949.00,1907.25,2.48,1017879
2015-09-03,1947.50,1946.00,1973.50,1942.00,1.73,1088887
2015-09-04,1947.25,1921.75,1949.25,1907.75,2.87,1334101
2015-09-06,1917.38,1925.75,1928.88,1916.95,0.00,0
2015-09-07,1925.50,1938.95,1944.15,1919.65,0.00,0
2015-09-08,1916.75,1965.75,1968.75,1915.75,1.83,1017159
2015-09-09,1966.50,1942.75,1992.00,1935.50,1.95,928928
2015-09-10,1943.75,1949.50,1967.25,1928.50,1.76,1106964
2015-09-11,1949.50,1960.25,1962.50,1937.25,1.95,1262214
2015-09-14,1963.75,1954.00,1974.25,1946.50,1.61,744566
2015-09-15,1953.25,1979.75,1983.00,1945.00,1.45,1088358
2015-09-16,1979.75,1998.25,1999.00,1972.75,1.98,1398591
2015-09-17,1997.00,1987.75,2021.50,1982.50,1.48,1244764
2015-09-18,1988.00,1970.10,1993.75,1954.75,1.83,1291865
2015-09-21,1949.25,1963.00,1969.00,1938.50,1.99,959480
2015-09-22,1964.25,1932.00,1965.00,1917.75,1.65,1104119
2015-09-23,1930.50,1928.50,1941.75,1910.50,1.51,995822
2015-09-24,1931.75,1918.75,1936.25,1897.25,1.57,1034251
2015-09-25,1913.25,1919.25,1951.00,1910.25,2.08,1160498
2015-09-28,1915.50,1872.00,1929.75,1868.75,2.04,1335994
2015-09-29,1876.25,1874.50,1889.75,1861.00,1.87,1042701
2015-09-30,1875.00,1908.75,1910.50,1871.25,1.52,994688
2015-10-01,1902.50,1916.75,1929.50,1890.25,1.58,919051
2015-10-02,1917.00,1943.00,1943.75,1883.00,1.97,1201609
2015-10-05,1941.00,1974.75,1980.00,1937.25,1.52,1222388
2015-10-06,1973.00,1968.50,1982.25,1962.50,1.77,978037
2015-10-07,1961.00,1987.25,1991.25,1960.50,1.65,1146617
2015-10-08,1987.75,2006.50,2008.75,1971.00,1.36,1164294
2015-10-09,2004.00,2007.50,2014.00,1998.75,1.21,1324877
2015-10-12,2005.25,2011.00,2014.00,2001.75,1.96,632714
2015-10-13,2012.00,1994.00,2014.75,1991.25,1.53,962559
2015-10-14,1991.50,1984.00,2001.75,1982.50,1.74,1107641
2015-10-15,1985.75,2019.00,2019.50,1985.00,1.73,1145409
2015-10-16,2018.25,2025.50,2026.50,2012.25,2.11,885664
2015-10-19,2024.50,2027.50,2028.00,2014.25,1.55,850853
2015-10-20,2026.50,2020.50,2031.50,2018.50,1.72,839843
2015-10-21,2019.75,2008.50,2034.25,2007.50,1.98,985052
2015-10-22,2010.50,2053.00,2056.00,2008.50,1.25,1266959
2015-10-23,2054.25,2066.00,2074.50,2053.25,1.10,1799776
2015-10-26,2066.00,2062.25,2068.00,2057.50,1.43,615386
2015-10-27,2063.75,2060.50,2064.75,2051.25,1.88,791722
2015-10-28,2062.00,2084.50,2085.25,2055.50,1.24,1066313
2015-10-29,2081.00,2083.00,2086.50,2073.25,1.19,1475293
2015-10-30,2084.75,2073.75,2094.75,2069.75,1.95,1193273
2015-11-02,2073.00,2095.50,2100.00,2064.25,1.54,801220
2015-11-03,2093.25,2103.00,2110.25,2089.00,1.21,1275847
2015-11-04,2102.50,2094.75,2109.75,2090.50,1.53,853449
2015-11-05,2095.50,2094.00,2104.75,2084.00,2.17,912347
2015-11-06,2094.75,2093.75,2099.00,2077.50,1.85,1356532
2015-11-09,2092.00,2073.00,2097.75,2062.00,2.53,1159652
2015-11-10,2072.25,2078.00,2079.00,2064.50,1.41,599450
2015-11-11,2076.50,2069.00,2087.25,2067.75,2.15,563671
2015-11-12,2068.50,2040.50,2077.50,2039.50,2.20,1195674
2015-11-13,2040.50,2018.50,2046.00,2011.50,2.15,1789836
2015-11-16,2006.50,2048.00,2051.00,1998.50,1.80,1161172
2015-11-17,2047.75,2049.00,2063.50,2041.50,1.88,914291
2015-11-18,2049.75,2079.75,2082.50,2043.00,2.21,1341290
2015-11-19,2078.25,2079.25,2089.25,2075.25,1.48,966861
2015-11-20,2078.25,2088.75,2094.50,2076.00,2.11,1005690
2015-11-23,2089.75,2084.25,2093.00,2078.25,2.68,756550
2015-11-24,2083.00,2084.75,2091.50,2065.50,2.44,839936
2015-11-25,2084.00,2088.00,2092.50,2082.25,2.28,754918
2015-11-26,2089.50,2095.75,2098.25,2088.50,0.00,0
2015-11-27,2089.50,2090.00,2098.25,2081.50,2.13,643807
2015-11-30,2089.50,2079.75,2095.00,2078.50,2.62,951768
2015-12-01,2085.50,2100.00,2101.50,2083.50,2.18,819870
2015-12-02,2099.50,2081.50,2105.00,2075.00,1.78,1088339
2015-12-03,2083.25,2051.25,2095.25,2040.00,2.06,1379073
2015-12-04,2053.25,2088.50,2093.00,2046.75,1.66,1308244
2015-12-07,2092.25,2081.00,2095.50,2064.50,2.03,712744
2015-12-08,2080.00,2058.75,2081.50,2050.25,1.38,670998
2015-12-09,2059.50,2042.00,2079.75,2034.25,1.70,1069622
2015-12-10,2045.75,2049.25,2067.00,2043.75,1.98,1006413
2015-12-11,2050.75,2009.75,2056.25,2005.00,2.11,1701969
2015-12-14,2008.00,2018.50,2028.25,1992.25,2.59,1348160
2015-12-15,2021.75,2045.50,2054.00,2019.00,1.77,1089910
2015-12-16,2046.00,2072.00,2077.00,2040.00,1.63,1293538
2015-12-17,2069.75,2034.25,2082.25,2032.50,1.64,1271045
2015-12-18,2033.25,2029.72,2040.25,2022.00,2.14,1155933
2015-12-21,1997.25,2015.00,2019.50,1995.25,1.88,802309
2015-12-22,2017.00,2036.00,2036.50,2007.25,2.03,871728
2015-12-23,2034.00,2053.00,2057.75,2030.75,1.64,1012008
2015-12-24,2052.75,2051.25,2059.75,2049.00,1.92,462036
2015-12-28,2051.25,2048.75,2054.50,2035.25,1.85,472874
2015-12-29,2049.75,2072.75,2074.50,2047.50,1.74,734479
2015-12-30,2072.00,2054.50,2075.00,2053.50,2.39,644697
2015-12-31,2055.25,2035.50,2057.75,2030.25,1.97,943882
2016-01-04,2037.75,2009.00,2043.50,1980.25,1.78,1304561
2016-01-05,2009.00,2011.75,2017.00,1992.25,2.04,871282
2016-01-06,2010.75,1986.00,2013.25,1970.50,1.87,1112344
2016-01-07,1987.75,1933.00,1991.00,1928.50,2.24,1707915
2016-01-08,1936.50,1911.50,1964.75,1910.00,2.22,1560268
2016-01-11,1909.25,1914.25,1929.00,1892.50,2.61,1506556
2016-01-12,1913.50,1925.00,1940.25,1899.00,1.70,1100811
2016-01-13,1922.50,1881.50,1946.50,1878.00,2.11,1306757
2016-01-14,1883.75,1914.50,1927.50,1871.00,1.80,1741624
2016-01-15,1913.50,1875.00,1921.00,1849.25,2.28,1592425
2016-01-17,1869.75,1868.88,1873.00,1860.00,0.00,0
2016-01-18,1869.00,1874.25,1890.00,1865.75,0.00,0
2016-01-19,1869.75,1873.00,1907.50,1856.25,1.94,1002825
2016-01-20,1871.75,1855.00,1878.50,1804.25,2.39,2365944
2016-01-21,1854.75,1861.00,1883.25,1836.25,1.61,1491719
2016-01-22,1858.50,1899.25,1902.25,1855.75,1.65,1233587
2016-01-25,1899.50,1870.25,1904.25,1855.75,1.60,814022
2016-01-26,1871.75,1896.00,1899.75,1851.25,1.22,815771
2016-01-27,1885.25,1875.00,1910.00,1864.50,1.53,874857
2016-01-28,1880.00,1880.75,1902.50,1865.75,1.84,796555
2016-01-29,1878.75,1930.00,1933.00,1876.50,1.47,1480563
2016-02-01,1929.75,1931.25,1940.00,1912.50,1.72,902958
2016-02-02,1928.50,1897.50,1929.25,1889.00,1.73,889689
2016-02-03,1895.00,1908.50,1912.25,1865.00,1.70,1118940
2016-02-04,1907.75,1907.75,1922.25,1890.25,2.21,862740
2016-02-05,1905.25,1875.25,1914.50,1865.75,1.79,1242061
2016-02-08,1876.25,1852.00,1884.50,1821.75,1.89,1372913
2016-02-09,1849.75,1848.25,1863.75,1825.75,1.99,1022711
2016-02-10,1850.00,1846.75,1877.75,1838.50,1.84,949134
2016-02-11,1842.25,1824.50,1847.25,1802.50,1.93,1371702
2016-02-12,1827.25,1858.25,1860.75,1822.50,1.91,1368349
2016-02-14,1865.75,1869.50,1871.00,1865.25,0.00,0
2016-02-15,1869.38,1883.25,1890.00,1868.00,0.00,0
2016-02-16,1865.25,1888.75,1892.75,1865.00,1.91,1113936
2016-02-17,1888.25,1922.75,1928.00,1881.50,1.90,1644008
2016-02-18,1926.75,1916.50,1933.50,1911.25,1.72,1242643
2016-02-19,1917.50,1914.50,1922.75,1898.50,2.12,1115606
2016-02-22,1911.00,1936.25,1943.75,1908.25,1.76,1148659
2016-02-23,1934.00,1916.00,1938.00,1913.75,2.52,899368
2016-02-24,1914.00,1930.25,1933.75,1886.75,1.87,1006596
2016-02-25,1933.00,1950.50,1951.50,1920.25,1.79,913032
2016-02-26,1949.00,1942.75,1968.75,1941.25,1.55,1210165
2016-02-29,1943.00,1929.50,1956.25,1926.50,1.84,1007543
2016-03-01,1928.00,1978.00,1978.50,1920.75,1.25,1277872
2016-03-02,1976.25,1983.50,1984.75,1966.25,1.79,1088315
2016-03-03,1981.75,1990.50,1992.50,1974.75,1.25,1237817
2016-03-04,1991.00,1995.00,2007.50,1984.00,1.19,1489567
2016-03-07,1994.50,1999.00,2004.50,1984.50,1.77,747241
2016-03-08,1999.00,1981.00,2000.25,1976.00,1.79,884483
2016-03-09,1981.75,1989.00,1994.00,1978.00,1.50,945901
2016-03-10,1990.00,1988.75,2010.25,1967.25,1.75,1081395
2016-03-11,1988.50,2020.00,2022.25,1987.50,1.20,1438654
2016-03-14,2019.25,2018.75,2024.50,2012.00,1.50,785227
2016-03-15,2019.00,2015.75,2019.50,2004.50,1.33,898588
2016-03-16,2016.25,2027.00,2032.25,2006.50,1.54,1322127
2016-03-17,2026.75,2039.75,2046.75,2015.75,1.06,1627004
2016-03-18,2041.50,2050.07,2048.75,2037.00,1.33,1246011
2016-03-21,2036.50,2042.75,2044.50,2031.00,1.54,820911
2016-03-22,2043.25,2042.50,2047.50,2028.75,1.56,836546
2016-03-23,2043.00,2028.75,2045.25,2025.25,1.42,963195
2016-03-24,2028.00,2028.50,2030.25,2012.25,1.85,1097436
2016-03-28,2030.25,2028.00,2039.75,2022.00,1.66,618344
2016-03-29,2027.75,2047.50,2049.25,2019.25,1.46,819369
2016-03-30,2048.50,2055.25,2064.50,2046.75,1.11,1539195
2016-03-31,2055.50,2051.50,2059.75,2047.25,1.89,977322
2016-04-01,2052.75,2065.00,2067.00,2035.25,1.47,1081956
2016-04-04,2064.00,2057.50,2071.50,2054.25,1.42,768664
2016-04-05,2055.50,2038.75,2055.50,2034.25,1.71,733267
2016-04-06,2042.00,2060.25,2060.50,2035.00,1.78,761776
2016-04-07,2059.75,2035.00,2062.00,2026.00,1.56,934150
2016-04-08,2034.50,2040.75,2054.25,2030.25,1.90,889450
2016-04-11,2041.00,2034.50,2056.50,2032.50,1.65,711243
2016-04-12,2032.50,2055.75,2058.50,2029.25,1.43,746062
2016-04-13,2055.25,2076.00,2077.00,2054.00,1.05,1155086
2016-04-14,2076.25,2076.50,2081.75,2068.50,1.15,1218899
2016-04-15,2077.75,2075.00,2080.00,2069.50,1.78,960044
2016-04-18,2064.25,2086.75,2088.75,2058.50,1.93,705765
2016-04-19,2085.25,2093.75,2098.50,2084.75,1.21,1111829
2016-04-20,2094.25,2098.00,2105.25,2085.75,1.61,1541425
2016-04-21,2097.75,2082.75,2104.00,2078.75,1.60,991716
2016-04-22,2079.75,2086.00,2089.00,2075.00,2.06,998010
2016-04-25,2091.50,2083.25,2091.50,2071.00,1.49,623275
2016-04-26,2084.25,2088.50,2091.25,2079.50,1.42,618571
2016-04-27,2082.25,2090.75,2094.00,2076.25,1.52,804021
2016-04-28,2092.50,2072.50,2094.25,2065.25,1.52,916534
2016-04-29,2073.75,2059.00,2076.00,2045.75,1.65,1422878
2016-05-02,2060.75,2074.25,2077.50,2055.50,1.50,569997
2016-05-03,2075.50,2057.00,2076.25,2048.00,1.99,857660
2016-05-04,2057.50,2047.00,2060.25,2039.00,1.28,1066824
2016-05-05,2046.50,2044.00,2060.00,2039.50,2.01,845032
2016-05-06,2043.50,2052.75,2054.50,2030.50,1.72,1295379
2016-05-09,2053.00,2054.25,2059.75,2048.25,2.36,616558
2016-05-10,2054.00,2077.50,2079.75,2048.00,1.55,977729
2016-05-11,2077.25,2058.00,2078.75,2057.50,1.84,1014466
2016-05-12,2059.00,2058.75,2072.75,2048.50,1.97,838703
2016-05-13,2059.25,2043.50,2063.50,2038.50,2.08,1065945
2016-05-16,2041.25,2062.75,2068.50,2035.00,1.43,776725
2016-05-17,2062.00,2043.50,2069.50,2036.75,1.58,1063446
2016-05-18,2043.75,2041.50,2057.75,2030.75,1.61,1248659
2016-05-19,2043.50,2038.75,2044.75,2022.00,1.86,1411621
2016-05-20,2038.75,2050.00,2055.50,2037.25,1.50,1102835
2016-05-23,2053.25,2045.25,2056.00,2043.50,1.99,875719
2016-05-24,2045.00,2075.00,2077.25,2041.25,1.60,1272723
2016-05-25,2075.00,2087.25,2092.50,2073.50,1.21,1277784
2016-05-26,2088.75,2089.75,2091.75,2082.50,1.53,995702
2016-05-27,2090.50,2097.25,2098.75,2088.00,1.51,1122522
2016-05-29,2099.62,2101.50,2103.25,2099.50,0.00,0
2016-05-30,2101.25,2101.25,2103.75,2099.75,0.00,0
2016-05-31,2100.00,2095.00,2103.75,2086.00,1.70,1224389
2016-06-01,2094.00,2098.00,2099.25,2083.25,1.71,1119037
2016-06-02,2096.75,2103.75,2104.75,2086.75,1.48,892685
2016-06-03,2103.50,2097.75,2106.00,2082.75,1.29,1339532
2016-06-06,2097.50,2108.25,2112.25,2094.00,1.52,1232397
2016-06-07,2108.25,2110.25,2118.00,2106.50,1.24,1340011
2016-06-08,2110.25,2118.00,2119.75,2106.50,1.39,962413
2016-06-09,2117.75,2114.25,2118.50,2106.25,1.56,892000
2016-06-10,2113.75,2096.25,2114.00,2088.50,1.78,1267431
2016-06-13,2089.25,2078.75,2098.25,2075.75,2.01,1171439
2016-06-14,2077.00,2074.50,2081.75,2063.25,2.06,1414835
2016-06-15,2072.75,2071.75,2086.25,2068.75,2.32,1376366
2016-06-16,2070.50,2079.25,2080.00,2050.00,1.88,1528335
2016-06-17,2077.75,2078.50,2083.00,2073.75,1.92,1354156
2016-06-20,2071.00,2074.25,2092.50,2070.25,1.79,1039531
2016-06-21,2079.00,2080.50,2086.00,2074.00,2.09,1153519
2016-06-22,2079.25,2076.75,2091.25,2075.25,1.54,1387379
2016-06-23,2083.00,2105.75,2113.25,2083.00,1.81,1266947
2016-06-24,2115.75,2018.50,2119.50,1999.00,2.02,2174568
2016-06-27,2013.75,1985.00,2022.50,1981.50,1.56,2161760
2016-06-28,1982.50,2028.50,2029.75,1982.25,1.54,1698276
2016-06-29,2028.25,2066.75,2074.75,2022.75,1.60,1945088
2016-06-30,2072.25,2090.25,2091.25,2056.50,1.54,2065182
2016-07-01,2086.50,2096.25,2100.75,2081.50,1.79,1511581
2016-07-03,2099.25,2094.25,2099.75,2094.25,0.00,0
2016-07-04,2094.50,2096.88,2104.75,2094.25,0.00,0
2016-07-05,2099.75,2082.75,2104.75,2072.50,2.20,1084085
2016-07-06,2084.00,2094.00,2094.50,2065.75,1.64,1170472
2016-07-07,2092.00,2092.00,2102.00,2081.75,1.44,1174938
2016-07-08,2092.00,2120.50,2125.50,2087.50,1.03,1918565
2016-07-11,2120.25,2130.25,2136.75,2120.00,0.98,1650658
2016-07-12,2130.75,2145.75,2149.25,2128.50,1.08,1678213
2016-07-13,2145.75,2146.00,2152.25,2139.50,1.23,1177524
2016-07-14,2145.25,2157.25,2168.00,2142.75,0.92,1629123
2016-07-15,2156.50,2152.75,2164.75,2143.25,1.57,1212833
2016-07-18,2154.50,2160.00,2163.25,2152.75,1.47,1047090
2016-07-19,2160.00,2158.75,2160.75,2151.25,1.58,803344
2016-07-20,2159.00,2167.50,2169.75,2155.25,1.18,1593660
2016-07-21,2168.25,2158.00,2170.25,2153.50,1.66,910609
2016-07-22,2159.00,2167.50,2169.25,2156.00,1.67,1032385
2016-07-25,2167.75,2162.25,2172.50,2155.75,1.37,881593
2016-07-26,2162.75,2163.25,2168.00,2153.75,1.42,690329
2016-07-27,2166.00,2160.50,2169.25,2152.00,1.38,912989
2016-07-28,2162.75,2164.75,2168.50,2153.50,1.42,1213038
2016-07-29,2165.50,2168.25,2171.75,2157.50,1.64,1357176
2016-08-01,2174.00,2164.50,2177.75,2159.75,1.84,882896
2016-08-02,2166.00,2152.75,2171.00,2141.50,1.59,964311
2016-08-03,2152.25,2157.00,2158.25,2145.25,2.05,713357
2016-08-04,2156.75,2159.25,2164.25,2154.00,1.69,756422
2016-08-05,2159.50,2176.75,2178.50,2159.25,1.47,1520326
2016-08-08,2176.00,2175.50,2183.00,2173.25,1.43,1004857
2016-08-09,2176.00,2177.50,2183.50,2173.75,1.59,831517
2016-08-10,2178.00,2172.75,2181.50,2167.75,1.50,947632
2016-08-11,2172.50,2181.75,2185.25,2170.00,1.57,867019
2016-08-12,2181.75,2180.25,2184.00,2175.50,1.38,1002245
2016-08-15,2180.75,2186.00,2190.75,2180.50,1.34,1029859
2016-08-16,2186.00,2176.75,2186.25,2175.25,1.56,1057971
2016-08-17,2177.50,2179.75,2182.00,2165.50,1.57,1166931
2016-08-18,2180.75,2183.50,2184.50,2176.25,1.50,942090
2016-08-19,2183.50,2181.75,2184.25,2172.50,1.83,1099573
2016-08-22,2181.75,2181.50,2184.50,2173.50,1.51,844539
2016-08-23,2180.75,2185.25,2191.50,2179.25,1.45,1008688
2016-08-24,2185.75,2175.00,2187.75,2168.75,1.53,1232312
2016-08-25,2175.00,2173.50,2177.25,2167.50,1.88,990396
2016-08-26,2174.00,2168.50,2186.75,2157.50,1.53,1430528
2016-08-29,2167.75,2179.25,2182.25,2164.50,1.45,1000601
2016-08-30,2180.00,2175.25,2181.50,2168.50,1.63,998707
2016-08-31,2175.75,2169.50,2176.25,2159.50,2.21,1082923
2016-09-01,2169.00,2167.25,2177.25,2154.75,2.08,1021183
2016-09-02,2166.25,2178.00,2183.75,2164.25,2.16,1233235
2016-09-04,2178.75,2180.75,2181.75,2178.25,0.00,0
2016-09-05,2180.75,2178.00,2182.25,2175.00,0.00,0
2016-09-06,2179.25,2184.50,2186.25,2173.00,1.45,1185496
2016-09-07,2185.25,2184.50,2186.75,2177.50,2.07,1074603
2016-09-08,2184.50,2177.50,2189.25,2175.75,1.88,1047083
2016-09-09,2177.25,2122.75,2178.25,2119.75,2.04,2142378
2016-09-12,2121.75,2158.50,2162.75,2107.00,1.44,2018393
2016-09-13,2156.25,2128.75,2157.50,2119.00,1.65,1336686
2016-09-14,2131.75,2120.25,2141.25,2118.75,1.51,1395525
2016-09-15,2121.75,2145.00,2151.50,2114.75,1.56,1266043
2016-09-16,2143.75,2139.96,2144.25,2135.50,1.63,1453903
2016-09-19,2132.25,2133.00,2146.75,2127.75,1.65,970901
2016-09-20,2133.75,2131.00,2143.50,2129.00,1.53,859161
2016-09-21,2130.00,2156.25,2157.50,2126.25,1.94,1555270
2016-09-22,2156.25,2168.25,2172.75,2152.75,1.73,1643068
2016-09-23,2168.25,2158.00,2169.50,2156.00,2.11,1296269
2016-09-26,2156.25,2139.75,2159.50,2136.75,1.78,1112638
2016-09-27,2139.25,2152.75,2154.00,2132.75,1.66,962619
2016-09-28,2152.00,2163.25,2165.25,2144.00,1.45,1046448
2016-09-29,2162.25,2148.50,2167.00,2137.25,1.80,1370810
2016-09-30,2145.75,2160.50,2168.25,2135.75,1.69,1234744
2016-10-03,2158.75,2153.25,2164.00,2146.75,1.97,914763
2016-10-04,2153.75,2144.75,2159.75,2136.00,1.62,1038200
2016-10-05,2144.25,2153.25,2158.00,2141.00,1.74,735041
2016-10-06,2153.25,2156.50,2157.25,2143.25,1.90,786963
2016-10-07,2155.25,2146.50,2161.50,2138.00,1.85,1200338
2016-10-10,2152.00,2159.00,2163.50,2148.50,1.67,975330
2016-10-11,2159.50,2134.50,2160.75,2121.75,1.64,1427384
2016-10-12,2133.00,2131.50,2140.75,2126.25,1.95,1106368
2016-10-13,2127.75,2126.25,2132.25,2107.75,1.55,1259776
2016-10-14,2126.25,2127.00,2143.25,2122.25,1.69,1205022
2016-10-17,2126.25,2123.00,2130.00,2116.75,1.65,911814
2016-10-18,2122.50,2132.00,2139.75,2120.25,1.48,1148033
2016-10-19,2131.50,2138.00,2142.50,2126.50,1.57,1210457
2016-10-20,2137.50,2137.00,2144.50,2126.75,1.46,1113880
2016-10-21,2136.00,2134.75,2138.50,2123.25,1.96,1318807
2016-10-24,2137.00,2144.25,2149.00,2134.75,2.22,849628
2016-10-25,2144.75,2138.00,2149.75,2135.25,2.03,789308
2016-10-26,2135.25,2134.00,2140.00,2124.75,1.43,953358
2016-10-27,2133.75,2123.50,2143.75,2122.50,1.48,1049818
2016-10-28,2127.25,2123.75,2135.25,2112.50,1.83,1371771
2016-10-31,2120.00,2120.00,2130.50,2114.75,1.81,951593
2016-11-01,2123.50,2103.75,2129.50,2091.00,1.95,1365502
2016-11-02,2102.25,2092.25,2106.50,2087.25,1.63,1380215
2016-11-03,2088.25,2083.50,2098.75,2079.75,1.87,1521875
2016-11-04,2084.00,2080.00,2094.25,2078.75,1.99,1810856
2016-11-07,2106.00,2129.00,2130.75,2102.75,1.78,1596037
2016-11-08,2129.00,2135.50,2143.25,2119.00,2.14,1610845
2016-11-09,2138.00,2160.25,2166.75,2028.50,1.55,2332845
2016-11-10,2159.50,2167.25,2180.50,2147.75,1.33,1878742
2016-11-11,2165.00,2161.50,2170.50,2148.50,1.86,1446742
2016-11-14,2164.50,2160.50,2174.50,2152.25,1.24,1507079
2016-11-15,2161.00,2179.25,2179.75,2158.50,1.35,1241031
2016-11-16,2179.00,2172.75,2185.00,2168.75,1.18,1501493
2016-11-17,2172.50,2184.25,2185.50,2171.75,1.14,1356477
2016-11-18,2184.00,2180.75,2187.50,2176.50,1.43,1322659
2016-11-21,2179.50,2193.00,2196.50,2178.50,1.26,1257484
2016-11-22,2193.25,2200.25,2203.00,2191.75,1.49,1268466
2016-11-23,2201.25,2200.75,2203.50,2192.00,1.42,1064965
2016-11-24,2199.25,2205.50,2207.00,2197.75,0.00,0
2016-11-25,2201.00,2211.25,2211.75,2197.50,1.10,1077037
2016-11-28,2208.00,2200.75,2209.50,2198.25,1.63,917287
2016-11-29,2200.25,2203.75,2209.50,2196.25,1.66,873703
2016-11-30,2203.25,2198.75,2213.75,2197.25,1.26,1264746
2016-12-01,2199.50,2192.00,2203.00,2186.00,1.46,944999
2016-12-02,2190.50,2192.00,2197.25,2184.25,1.26,1103182
2016-12-05,2184.00,2204.25,2208.75,2179.00,1.21,995162
2016-12-06,2205.00,2210.00,2212.00,2200.25,1.16,974101
2016-12-07,2211.25,2236.75,2241.25,2206.75,0.91,1734843
2016-12-08,2236.50,2247.75,2251.50,2232.50,0.89,1857539
2016-12-09,2246.75,2260.00,2261.25,2245.00,1.08,1610810
2016-12-12,2260.75,2256.00,2270.25,2252.25,1.22,1260371
2016-12-13,2256.00,2273.25,2278.25,2253.25,0.81,1588141
2016-12-14,2273.25,2257.00,2277.00,2248.00,1.29,1461426
2016-12-15,2256.00,2263.50,2272.75,2252.25,1.17,1311527
2016-12-16,2264.25,2268.63,2269.50,2261.75,1.40,1433301
2016-12-19,2256.00,2260.00,2263.75,2254.00,1.47,877079
2016-12-20,2260.25,2266.50,2269.50,2260.00,1.29,881441
2016-12-21,2267.25,2260.50,2268.00,2258.00,1.76,934937
2016-12-22,2258.25,2258.75,2261.00,2251.50,1.29,1036074
2016-12-23,2257.50,2260.00,2261.00,2254.25,1.54,567006
2016-12-26,2259.25,2259.00,2260.25,2258.50,0.00,0
2016-12-27,2258.75,2261.00,2269.50,2257.75,1.23,571286
2016-12-28,2261.25,2245.25,2267.50,2243.50,1.49,911281
2016-12-29,2245.50,2245.00,2250.00,2239.50,1.62,783843
2016-12-30,2246.25,2236.25,2252.75,2228.00,1.34,1166472
2017-01-02,2241.38,2243.25,2244.88,2241.38,0.00,0
2017-01-03,2240.75,2252.50,2259.50,2239.50,1.58,1290036
2017-01-04,2252.75,2264.25,2267.25,2251.00,1.18,1054406
2017-01-05,2264.50,2264.25,2266.00,2254.00,1.66,900747
2017-01-06,2264.25,2271.50,2277.00,2258.25,1.52,1276095
2017-01-08,2270.50,2272.75,2273.25,2270.50,0.00,0
2017-01-09,2271.25,2265.00,2275.25,2263.50,1.84,860867
2017-01-10,2264.50,2263.75,2274.00,2259.50,1.80,848545
2017-01-11,2263.75,2270.50,2271.75,2255.00,1.59,1045697
2017-01-12,2270.50,2263.50,2270.50,2248.50,1.52,1090856
2017-01-13,2264.50,2272.50,2273.50,2262.75,1.54,1136596
2017-01-16,2268.50,2266.25,2269.50,2265.00,0.00,0
2017-01-17,2270.25,2262.75,2270.50,2257.25,1.64,1166895
2017-01-18,2262.00,2266.50,2268.50,2258.25,1.76,1422315
2017-01-19,2265.50,2261.50,2269.50,2253.00,1.60,1087536
2017-01-20,2261.00,2266.00,2272.75,2259.75,2.12,1133653
2017-01-22,2266.25,2259.75,2266.50,2259.50,0.00,0
2017-01-23,2266.00,2262.00,2267.50,2251.75,1.57,1154196
2017-01-24,2260.75,2274.50,2280.50,2259.50,1.09,872720
2017-01-25,2275.75,2294.00,2295.25,2274.75,0.97,1587128
2017-01-26,2293.75,2294.00,2299.50,2289.50,1.76,827880
2017-01-27,2294.00,2289.00,2296.75,2287.00,1.59,1067859
2017-01-30,2282.00,2276.00,2285.75,2263.25,1.88,1215580
2017-01-31,2275.75,2274.50,2278.25,2262.25,1.78,971865
2017-02-01,2277.00,2274.50,2285.00,2268.25,1.62,936081
2017-02-02,2275.00,2275.50,2279.75,2264.50,2.21,868687
2017-02-03,2274.00,2291.00,2294.00,2270.50,1.91,1315966
2017-02-06,2293.00,2286.50,2294.25,2283.50,1.61,1177406
2017-02-07,2286.50,2285.75,2295.00,2284.00,1.66,789195
2017-02-08,2285.75,2290.25,2292.00,2281.00,1.21,942198
2017-02-09,2290.50,2304.25,2307.75,2287.75,1.34,1238839
2017-02-10,2304.25,2312.75,2315.75,2303.00,1.21,1432879
2017-02-13,2314.25,2326.25,2329.00,2313.25,1.17,1555950
2017-02-14,2326.75,2335.25,2337.75,2319.75,1.16,1414097
2017-02-15,2335.50,2350.50,2351.50,2331.25,1.39,1883910
2017-02-16,2350.25,2345.50,2350.75,2336.75,1.65,1347467
2017-02-17,2345.00,2348.00,2348.75,2336.50,1.76,1171091
2017-02-20,2347.25,2353.25,2356.75,2346.00,0.00,0
2017-02-21,2346.50,2360.00,2365.00,2346.00,1.15,1610181
2017-02-22,2360.00,2361.00,2363.75,2355.25,1.47,1211159
2017-02-23,2360.75,2360.00,2367.25,2353.00,1.26,1059824
2017-02-24,2361.50,2365.00,2365.75,2349.50,1.70,1331745
2017-02-26,2363.25,2367.00,2368.50,2363.25,0.00,0
2017-02-27,2367.50,2365.50,2370.75,2361.00,1.60,1123558
2017-02-28,2365.88,2364.75,2368.75,2357.50,1.54,1136584
2017-03-01,2365.25,2392.25,2401.00,2364.50,1.15,2119739
2017-03-02,2393.00,2379.00,2394.50,2378.00,1.64,1315622
2017-03-03,2379.75,2381.25,2383.25,2373.75,1.56,1318790
2017-03-06,2371.25,2372.25,2378.25,2367.00,1.43,1113595
2017-03-07,2371.25,2366.50,2375.50,2364.50,1.69,823042
2017-03-08,2365.75,2364.00,2373.00,2359.50,1.62,1084158
2017-03-09,2364.50,2367.75,2369.25,2354.00,2.07,950430
2017-03-10,2367.50,2371.75,2379.75,2362.25,1.94,1107367
2017-03-13,2366.00,2370.50,2372.00,2365.25,1.49,1123484
2017-03-14,2370.25,2364.25,2371.00,2354.75,1.72,911642
2017-03-15,2364.50,2382.00,2387.50,2363.25,1.42,1238080
2017-03-16,2381.75,2378.00,2388.75,2373.50,1.51,1228909
2017-03-17,2382.25,2385.80,2385.75,2379.00,2.54,1185911
2017-03-20,2372.50,2370.00,2376.00,2365.50,2.04,1004152
2017-03-21,2369.00,2336.75,2378.75,2336.50,1.90,1264599
2017-03-22,2338.75,2348.00,2348.75,2332.25,1.99,1556671
2017-03-23,2347.75,2343.25,2356.00,2338.50,1.65,1097865
2017-03-24,2343.00,2342.25,2352.75,2331.75,2.59,1196669
2017-03-27,2331.25,2340.50,2341.50,2318.00,1.71,1259816
2017-03-28,2341.00,2353.00,2360.50,2333.50,1.33,1131045
2017-03-29,2353.00,2357.00,2359.75,2348.75,1.81,854286
2017-03-30,2357.00,2364.50,2366.75,2353.25,1.78,1019793
2017-03-31,2365.50,2359.25,2366.75,2356.75,2.00,1266633
2017-04-03,2357.50,2356.00,2363.25,2340.00,2.07,951394
2017-04-04,2354.50,2358.50,2359.75,2344.75,1.65,658342
2017-04-05,2358.50,2345.25,2375.00,2343.75,1.65,1280776
2017-04-06,2344.00,2355.50,2361.25,2338.00,1.91,765481
2017-04-07,2355.25,2352.25,2360.75,2336.75,2.35,1044266
2017-04-10,2351.75,2352.50,2363.25,2347.50,1.93,831887
2017-04-11,2354.25,2351.00,2355.75,2333.25,1.57,1078258
2017-04-12,2351.75,2340.75,2356.50,2337.50,1.83,1011346
2017-04-13,2338.75,2327.50,2345.00,2324.00,1.80,1438798
2017-04-16,2323.75,2325.00,2326.75,2323.75,0.00,0
2017-04-17,2325.00,2344.50,2346.00,2322.75,1.30,1095873
2017-04-18,2344.75,2337.50,2347.00,2330.50,1.27,947777
2017-04-19,2337.75,2333.75,2349.25,2331.25,1.70,1320446
2017-04-20,2334.75,2353.00,2358.25,2333.50,1.52,1364016
2017-04-21,2352.75,2347.50,2356.00,2340.50,2.52,1174793
2017-04-24,2365.75,2370.00,2376.75,2365.25,1.93,1452594
2017-04-25,2368.75,2383.00,2389.25,2368.25,1.22,1678552
2017-04-26,2383.00,2382.00,2394.75,2381.25,1.38,1019439
2017-04-27,2383.25,2385.50,2388.75,2378.75,2.04,880310
2017-04-28,2386.25,2380.50,2388.75,2378.25,1.74,1097962
2017-05-01,2378.50,2386.75,2390.75,2378.50,1.51,903295
2017-05-02,2386.00,2384.50,2388.75,2382.00,1.64,836379
2017-05-03,2384.00,2383.25,2386.00,2375.50,2.10,993910
2017-05-04,2385.75,2385.50,2391.00,2376.00,1.73,641401
2017-05-05,2385.75,2398.75,2399.00,2379.00,2.02,1105190
2017-05-08,2397.00,2395.25,2397.75,2390.00,1.82,1063886
2017-05-09,2394.50,2393.25,2400.00,2388.75,1.66,1062471
2017-05-10,2388.25,2395.00,2396.75,2387.50,1.95,855347
2017-05-11,2394.75,2390.00,2395.25,2379.00,1.55,1023498
2017-05-12,2390.25,2388.75,2391.50,2384.25,2.05,995936
2017-05-15,2388.75,2398.40,2402.25,2388.00,1.44,1090303
2017-05-16,2398.75,2389.25,2404.50,2388.25,1.79,890641
2017-05-17,2386.00,2357.50,2389.00,2354.75,2.29,1894339
2017-05-18,2361.00,2365.25,2374.75,2344.50,1.75,1582396
2017-05-19,2364.00,2381.50,2388.00,2361.00,1.93,1162270
2017-05-22,2382.25,2389.00,2394.75,2378.25,2.00,796089
2017-05-23,2387.75,2396.50,2399.50,2387.50,1.62,897601
2017-05-24,2397.00,2402.00,2404.00,2394.75,1.63,911254
2017-05-25,2403.50,2412.00,2417.50,2402.75,1.45,1264864
2017-05-26,2413.00,2413.75,2415.75,2408.00,2.05,834065
2017-05-29,2415.50,2414.00,2417.00,2413.75,0.00,0
2017-05-30,2414.25,2411.50,2414.75,2407.75,2.23,860955
2017-05-31,2411.50,2413.25,2416.75,2402.75,1.68,990784
2017-06-01,2412.00,2430.00,2431.50,2410.50,1.48,1286130
2017-06-02,2429.25,2437.75,2439.75,2427.00,1.47,1571035
2017-06-04,2436.00,2434.25,2437.00,2433.50,0.00,0
2017-06-06,2434.75,2430.50,2435.50,2426.25,1.62,763992
2017-06-07,2429.50,2432.00,2435.00,2424.00,2.45,925388
2017-06-09,2427.50,2430.50,2445.75,2415.00,1.61,1505164
2017-06-12,2430.00,2428.50,2431.00,2419.00,2.14,883494
2017-06-13,2427.00,2437.75,2439.25,2427.00,1.43,1001538
2017-06-14,2437.75,2429.75,2443.50,2426.25,1.67,1230281
2017-06-15,2429.75,2430.50,2433.25,2416.25,1.82,1227699
2017-06-16,2433.75,2434.89,2439.00,2432.50,2.17,1065923
2017-06-19,2433.75,2449.00,2451.50,2433.25,1.51,985352
2017-06-20,2449.25,2436.50,2451.00,2434.00,1.67,945635
2017-06-21,2436.50,2430.25,2439.75,2428.00,2.87,940810
2017-06-22,2430.75,2432.75,2439.00,2428.00,1.81,810222
2017-06-23,2431.25,2435.00,2438.75,2428.25,2.32,884350
2017-06-26,2432.75,2436.25,2447.50,2431.75,1.78,902145
2017-06-27,2436.25,2418.75,2437.25,2416.75,1.57,1034512
2017-06-28,2417.62,2442.50,2444.50,2413.75,2.07,885556
2017-06-29,2443.00,2418.00,2445.00,2402.25,2.27,1247188
2017-06-30,2420.25,2421.50,2429.88,2415.12,2.23,1010719
2017-07-03,2424.75,2423.00,2436.75,2421.50,2.16,526745
2017-07-04,2427.38,2424.75,2431.38,2421.25,0.00,0
2017-07-05,2423.75,2429.50,2432.25,2419.25,2.10,869087
2017-07-06,2429.50,2410.00,2430.00,2405.38,1.80,1105358
2017-07-07,2409.75,2422.75,2425.00,2407.75,1.84,1154782
2017-07-10,2425.25,2423.75,2430.00,2419.25,1.70,1042229
2017-07-11,2424.38,2425.75,2427.75,2410.25,2.15,737335
2017-07-12,2425.00,2441.88,2443.75,2422.50,1.54,956475
2017-07-13,2441.50,2445.62,2447.00,2439.00,1.56,791807
2017-07-14,2446.50,2456.00,2461.25,2442.00,1.46,1324065
2017-07-17,2457.62,2458.75,2460.50,2454.00,1.57,986948
2017-07-18,2458.62,2458.50,2461.00,2448.00,1.38,918559
2017-07-19,2458.75,2469.75,2472.00,2458.25,1.40,1280497
2017-07-20,2470.50,2471.50,2476.25,2465.75,1.30,1307116
2017-07-21,2472.50,2469.50,2475.25,2462.75,1.82,1084383
2017-07-24,2468.50,2467.50,2470.50,2463.50,1.81,732185
2017-07-25,2467.50,2474.25,2478.75,2466.75,1.33,992170
2017-07-26,2475.00,2476.75,2479.50,2472.00,1.67,1106809
2017-07-27,2477.00,2469.75,2480.25,2457.50,2.14,1023731
2017-07-28,2472.00,2470.25,2472.00,2461.50,2.36,984082
2017-07-31,2468.12,2467.50,2475.00,2465.25,1.99,972542
2017-08-01,2467.62,2474.00,2477.25,2467.50,1.58,913259
2017-08-02,2475.25,2473.00,2476.00,2463.25,2.21,943636
2017-08-03,2472.12,2470.25,2474.38,2466.12,2.39,754145
2017-08-04,2470.75,2472.00,2477.75,2467.75,1.94,1256010
2017-08-07,2473.00,2476.50,2478.25,2473.00,1.89,822940
2017-08-08,2476.62,2468.75,2488.25,2467.50,2.06,1026608
2017-08-09,2467.38,2471.50,2474.50,2459.12,2.44,1216587
2017-08-10,2471.50,2436.00,2472.50,2432.75,2.08,1590529
2017-08-11,2434.50,2440.00,2446.50,2430.25,2.69,1439988
2017-08-14,2447.00,2465.00,2466.50,2446.50,1.99,1237718
2017-08-15,2467.25,2463.12,2473.25,2460.00,2.16,1056786
2017-08-16,2462.62,2463.50,2474.00,2461.75,2.24,1725486
2017-08-17,2463.75,2429.25,2468.50,2423.75,2.06,1565416
2017-08-18,2426.75,2426.75,2439.50,2419.50,2.10,1714953
2017-08-21,2428.75,2428.75,2429.75,2416.00,2.12,1068409
2017-08-22,2429.62,2453.50,2454.75,2429.25,1.88,1313880
2017-08-23,2452.75,2436.25,2453.25,2435.50,1.84,1012846
2017-08-24,2436.25,2441.88,2449.00,2434.75,1.95,777216
2017-08-25,2442.50,2442.50,2453.50,2437.50,2.16,1036838
2017-08-28,2441.88,2431.38,2449.25,2423.50,1.81,965546
2017-08-29,2431.50,2445.75,2448.62,2421.25,1.62,918119
2017-08-30,2448.75,2456.25,2459.75,2442.75,1.62,1056298
2017-08-31,2457.25,2471.00,2474.25,2456.75,1.65,1374463
2017-09-04,2464.75,2468.25,2469.00,2462.00,0.00,0
2017-09-01,2470.25,2474.25,2479.75,2470.00,1.90,1105707
2017-09-05,2469.62,2458.12,2471.38,2445.75,2.31,1449365
2017-09-06,2458.00,2461.50,2469.00,2456.50,1.78,1067065
2017-09-07,2461.00,2465.25,2468.75,2459.75,2.30,847003
2017-09-08,2466.50,2462.50,2467.50,2456.75,2.41,1161803
2017-09-11,2468.00,2486.38,2487.25,2468.00,1.43,1587603
2017-09-12,2487.00,2494.50,2495.50,2485.25,1.33,1510830
2017-09-13,2494.38,2492.38,2495.50,2489.00,1.99,1041964
2017-09-14,2492.25,2487.88,2496.25,2487.25,1.66,1338366
2017-09-15,2487.88,2500.00,2500.00,2487.50,2.46,1356577
2017-09-18,2500.25,2502.88,2506.00,2497.75,1.49,1350661
2017-09-19,2503.00,2502.62,2506.00,2501.00,1.32,966923
2017-09-20,2503.25,2505.25,2507.25,2494.25,1.92,1393659
2017-09-21,2505.75,2500.25,2506.00,2496.75,1.65,934413
2017-09-22,2500.75,2499.50,2501.00,2492.00,2.44,904911
2017-09-25,2503.25,2496.38,2504.00,2485.00,1.82,1165018
2017-09-26,2496.62,2495.00,2501.25,2492.25,2.09,812703
2017-09-27,2496.00,2503.25,2509.25,2493.12,1.70,1352501
2017-09-28,2502.88,2506.00,2508.25,2499.00,1.30,974901
2017-09-29,2506.00,2517.25,2517.75,2505.00,1.82,1384563
2017-10-02,2520.38,2527.25,2528.00,2517.50,1.40,1622041
2017-10-03,2525.88,2532.00,2533.50,2525.25,1.20,1104503
2017-10-04,2531.38,2535.25,2538.00,2529.00,1.52,1596571
2017-10-05,2535.25,2549.00,2550.75,2534.50,1.22,1731934
2017-10-06,2548.75,2545.00,2549.75,2541.50,1.44,1318900
2017-10-09,2546.25,2543.62,2550.50,2539.38,2.35,935046
2017-10-10,2544.00,2549.12,2553.25,2542.75,1.34,1008984
2017-10-11,2548.50,2551.50,2553.50,2544.25,2.43,898971
2017-10-12,2551.50,2547.75,2553.25,2546.38,1.79,1149620
2017-10-13,2547.50,2552.75,2555.75,2547.00,2.08,1029088
2017-10-16,2554.00,2555.50,2557.50,2550.75,2.02,1226261
2017-10-17,2555.50,2557.00,2557.75,2552.25,1.42,993882
2017-10-18,2558.00,2559.88,2562.25,2556.75,1.54,1262109
2017-10-19,2559.75,2560.12,2561.50,2542.75,1.62,1172293
2017-10-20,2561.00,2574.00,2574.50,2559.50,1.55,1744872
2017-10-23,2576.00,2563.62,2577.00,2561.62,1.75,1352404
2017-10-24,2564.25,2564.12,2570.25,2562.75,1.91,904803
2017-10-25,2564.50,2557.75,2566.25,2541.50,2.48,1618054
2017-10-26,2557.75,2561.50,2565.00,2555.62,2.17,821509
2017-10-27,2561.50,2578.50,2580.75,2557.50,1.41,1536197
2017-10-30,2574.38,2567.62,2577.50,2565.50,1.76,1172494
2017-10-31,2567.38,2572.75,2575.50,2566.75,2.11,870437
2017-11-01,2572.75,2574.75,2585.50,2571.00,1.56,1340547
2017-11-02,2573.25,2578.50,2578.75,2562.62,1.84,971814
2017-11-03,2577.50,2582.75,2585.50,2573.50,1.82,1483461
2017-11-06,2583.12,2588.00,2590.00,2575.50,1.62,1212408
2017-11-07,2588.00,2582.50,2593.75,2581.12,1.67,1373232
2017-11-09,2591.12,2582.00,2594.50,2563.38,1.85,1660410
2017-11-10,2582.00,2579.50,2585.75,2571.50,2.72,1427040
2017-11-13,2584.00,2579.25,2585.50,2570.25,1.75,1125221
2017-11-14,2579.25,2574.75,2582.25,2564.62,1.86,1281310
2017-11-15,2575.25,2563.75,2575.25,2555.88,1.87,1616209
2017-11-16,2563.75,2584.50,2589.50,2563.25,1.74,1368869
2017-11-17,2584.25,2576.25,2586.00,2574.75,1.96,1468725
2017-11-20,2576.50,2581.00,2584.00,2567.75,1.67,1256045
2017-11-21,2581.00,2596.50,2600.50,2579.25,1.21,1781145
2017-11-22,2595.75,2594.50,2600.00,2592.75,2.34,1211317
2017-11-23,2594.12,2596.75,2598.00,2589.50,0.00,0
2017-11-24,2593.25,2601.00,2603.00,2589.50,2.10,744353
2017-11-27,2602.12,2599.50,2605.50,2596.75,1.63,1378222
2017-11-28,2600.00,2625.25,2627.00,2597.50,1.13,1687832
2017-11-29,2625.50,2625.00,2634.25,2619.75,1.38,1628694
2017-11-30,2624.12,2642.25,2658.25,2621.75,1.21,2256744
2017-12-01,2640.75,2644.00,2650.75,2605.00,1.76,2042985
2017-12-04,2658.75,2636.00,2665.12,2634.12,1.42,1530943
2017-12-05,2638.25,2627.62,2648.75,2627.25,1.95,1099419
2017-12-06,2626.75,2629.25,2634.50,2620.00,1.55,1191083
2017-12-07,2631.75,2639.50,2641.00,2626.50,1.84,1076932
2017-12-08,2639.50,2651.00,2652.50,2637.75,1.53,1447063
2017-12-11,2656.50,2666.00,2667.75,2652.25,1.47,1168045
2017-12-12,2665.25,2668.00,2673.00,2663.25,1.32,1522412
2017-12-13,2665.50,2666.50,2672.50,2656.75,1.42,1318850
2017-12-14,2669.25,2654.25,2673.50,2652.00,1.46,1600011
2017-12-15,2650.00,2669.02,2667.25,2650.00,1.57,1627386
2017-12-18,2686.50,2695.25,2698.00,2684.50,1.35,1438544
2017-12-19,2695.38,2684.75,2698.00,2682.50,1.74,1196360
2017-12-20,2687.50,2682.75,2695.50,2679.25,1.88,1175559
2017-12-21,2681.50,2687.75,2696.00,2680.75,1.51,990769
2017-12-22,2686.75,2686.00,2691.50,2682.25,2.08,981470
2017-12-26,2686.75,2687.00,2689.50,2683.50,1.63,788577
2017-12-27,2688.00,2685.75,2691.00,2681.50,1.92,887024
2017-12-28,2684.00,2685.75,2689.00,2683.00,2.22,876989
2017-12-29,2684.75,2676.00,2698.25,2667.75,2.37,1285008
2018-01-02,2681.00,2694.00,2696.00,2675.50,2.12,1175948
2018-01-03,2693.75,2710.50,2714.25,2693.75,1.24,1515091
2018-01-04,2710.25,2724.75,2729.00,2708.50,1.09,1521983
2018-01-05,2725.00,2742.50,2743.25,2723.75,1.76,1639490
2018-01-08,2746.00,2748.00,2748.25,2736.50,1.50,1324302
2018-01-09,2747.75,2750.50,2760.00,2742.75,1.42,1293931
2018-01-10,2751.25,2750.75,2752.00,2736.75,2.07,1172116
2018-01-11,2750.00,2769.50,2770.50,2747.75,1.09,1585545
2018-01-12,2768.75,2788.75,2790.00,2766.75,1.34,1928574
2018-01-15,2795.50,2794.25,2797.00,2791.00,0.00,0
2018-01-16,2793.50,2780.00,2808.50,2769.50,1.31,2047274
2018-01-17,2781.50,2806.25,2809.50,2780.50,1.40,2294918
2018-01-18,2806.00,2797.25,2808.00,2793.75,1.32,1666555
2018-01-19,2797.00,2811.00,2815.00,2791.75,1.89,1253068
2018-01-22,2807.50,2835.00,2838.00,2805.75,1.52,1462189
2018-01-23,2834.75,2838.25,2844.75,2828.75,0.92,1701240
